id,event_id,user_id,created_at
e8d524cd-834a-474c-9cbf-144f9041adcc,29b0b35f-7842-4d49-ac9e-ca97a8c500e7,5ec47423-b8ee-466a-b1dc-85266a400ba1,2025-11-28 11:14:27.256573+00
92af7123-8b8b-4972-b403-4b7572c4ca60,c0f8a029-9277-41dd-b0eb-56350182e137,bcc87794-2a6f-41dd-ac6c-89972985d2aa,2025-11-28 11:42:02.389999+00
8cf8ad1b-9bbf-4506-992d-b57d062c57d0,12bfc855-fb5c-4f21-b6f6-dc25a0c3bff7,bcc87794-2a6f-41dd-ac6c-89972985d2aa,2025-11-28 12:02:40.055853+00
b28038ee-f47c-49e2-8bec-6b2a93581037,12bfc855-fb5c-4f21-b6f6-dc25a0c3bff7,5ec47423-b8ee-466a-b1dc-85266a400ba1,2025-11-28 12:02:40.055853+00
3a8104e2-261e-451b-bda3-fabc2be4705b,33071411-94e1-4a3e-bf26-00aab5a24b5b,5ec47423-b8ee-466a-b1dc-85266a400ba1,2025-11-28 12:05:45.238027+00
fe7eb746-0ffa-49f2-aa3f-e5092ae55904,33071411-94e1-4a3e-bf26-00aab5a24b5b,bcc87794-2a6f-41dd-ac6c-89972985d2aa,2025-11-28 12:05:45.238027+00
02efed6f-d2f4-443f-a2f3-3ebcefdb4dd2,229c9e12-0adc-4c48-82fc-c1dd2723c022,bcc87794-2a6f-41dd-ac6c-89972985d2aa,2025-11-29 17:54:01.653085+00
1ecefcb1-c202-4ade-93e3-a165891cebff,229c9e12-0adc-4c48-82fc-c1dd2723c022,5ec47423-b8ee-466a-b1dc-85266a400ba1,2025-11-29 17:54:01.653085+00
7d3e55e9-ea00-4a15-8d61-a1c1e45da4be,7bcff45a-de57-4914-88d3-b792ce96c0b7,5ec47423-b8ee-466a-b1dc-85266a400ba1,2025-12-01 06:41:45.005903+00
afc4f63d-9ede-4de2-b1f7-3197ef618ff9,3f67b680-cd4b-4176-8f7b-b929ea1d7bc0,5ec47423-b8ee-466a-b1dc-85266a400ba1,2025-12-01 06:42:10.017845+00
61bc52a5-f8cd-4a49-8060-b414119e713e,94623b39-8217-4674-9651-a4e87a000377,bcc87794-2a6f-41dd-ac6c-89972985d2aa,2025-12-01 11:36:03.570241+00
045cabfa-f296-4522-b225-ebb3021645b8,94623b39-8217-4674-9651-a4e87a000377,5ec47423-b8ee-466a-b1dc-85266a400ba1,2025-12-01 11:36:03.570241+00
843002d2-c5fd-4981-a4dd-206f1e140122,b12b26c3-64d0-4ebc-8790-bbd4795574b7,bcc87794-2a6f-41dd-ac6c-89972985d2aa,2025-12-04 00:17:48.923272+00
f43a9a29-43dc-4ac8-b715-dca99e82e363,b12b26c3-64d0-4ebc-8790-bbd4795574b7,5ec47423-b8ee-466a-b1dc-85266a400ba1,2025-12-04 00:17:48.923272+00
84ca5e5c-bb6e-4685-9913-ed7d1f7bb156,260738c5-7095-4cb4-907f-a32612f122dd,bcc87794-2a6f-41dd-ac6c-89972985d2aa,2025-12-04 00:19:03.913948+00
7d9d05d8-3988-4027-b6fd-a1aa97925c7a,fb1ee050-723e-4d0c-9d94-8f228ea4033f,bcc87794-2a6f-41dd-ac6c-89972985d2aa,2025-12-05 21:14:27.045356+00
67e2ebaf-9401-424d-a949-5239fc74f1b9,fb1ee050-723e-4d0c-9d94-8f228ea4033f,5ec47423-b8ee-466a-b1dc-85266a400ba1,2025-12-05 21:14:27.045356+00
d0965aa9-1087-4fb5-809c-bf07eff4622c,0b962ecf-92eb-4286-870a-c7d1348136bf,5ec47423-b8ee-466a-b1dc-85266a400ba1,2025-12-05 21:20:06.245162+00
c5a1daa2-2f78-4d45-b0cf-68ba6435a59c,0b962ecf-92eb-4286-870a-c7d1348136bf,bcc87794-2a6f-41dd-ac6c-89972985d2aa,2025-12-05 21:20:06.245162+00
5082a79d-3c48-4c2e-9a5a-3c851f930c07,3bbe2276-f5a4-4cae-b51c-521b4e9fba77,5ec47423-b8ee-466a-b1dc-85266a400ba1,2025-12-05 21:26:56.467191+00
7efe3264-4646-4132-a976-1f98809ea8bd,eda28f04-912f-4da1-a3a3-4b1f09f31281,bcc87794-2a6f-41dd-ac6c-89972985d2aa,2025-11-24 01:52:36.860383+00
30fb06c0-bdd2-49e3-b8fc-58665169d507,7ab6f09a-60ca-4293-8274-a5bef40612d1,bcc87794-2a6f-41dd-ac6c-89972985d2aa,2025-12-05 21:29:40.557284+00
652af273-6210-44e2-a1d2-f2e8eafefe59,7ab6f09a-60ca-4293-8274-a5bef40612d1,5ec47423-b8ee-466a-b1dc-85266a400ba1,2025-12-05 21:29:40.557284+00
c0b50457-1170-415d-9893-1776c8f82b8a,f904470b-7392-45b0-a0e0-15310ac6d7b2,bcc87794-2a6f-41dd-ac6c-89972985d2aa,2025-11-24 12:38:31.951687+00
d8fcc537-604b-4e22-82f3-c02ef26cdb02,f904470b-7392-45b0-a0e0-15310ac6d7b2,3a972c2f-8535-48ef-9364-f16df7e3857b,2025-11-24 12:38:31.951687+00
393f9129-38f6-47fd-b944-b68dd3dd5959,34f1314d-43d0-48b1-9386-ac7fb70637ce,3a972c2f-8535-48ef-9364-f16df7e3857b,2025-11-24 13:04:24.887386+00
8ef10b06-8ee1-445a-a5e4-04f80722f9be,34f1314d-43d0-48b1-9386-ac7fb70637ce,bcc87794-2a6f-41dd-ac6c-89972985d2aa,2025-11-24 13:04:24.887386+00
c00fa7e5-7250-43d3-a25f-72c152c4b018,0d9c8e14-7092-4246-ad05-983aaab8738d,bcc87794-2a6f-41dd-ac6c-89972985d2aa,2025-11-24 15:13:43.597611+00
ba957bec-0f4a-45bf-bd60-6663f00270ee,1ba00e70-a9e8-4f55-aa92-4f05529dd576,3a972c2f-8535-48ef-9364-f16df7e3857b,2025-11-25 21:45:39.797397+00
b8ab2544-473c-45d4-874d-2bc7d3ab4bbb,3debd006-074c-48b7-82c0-001e959cac84,3a972c2f-8535-48ef-9364-f16df7e3857b,2025-11-25 21:46:37.75228+00
acdbb216-16a3-4c60-a89a-9ffca84b7c9c,cb45e477-32be-44fa-a71c-8d7ecc7a34b4,3a972c2f-8535-48ef-9364-f16df7e3857b,2025-11-25 22:10:23.723262+00
e9482d7d-4a7e-41a5-a07a-9ad91d9c91d1,cb45e477-32be-44fa-a71c-8d7ecc7a34b4,bcc87794-2a6f-41dd-ac6c-89972985d2aa,2025-11-25 22:10:23.723262+00
13dc57c5-016c-4da7-9a4b-73fee038f537,f7302ccc-8812-4157-864e-125b8182e1f1,bcc87794-2a6f-41dd-ac6c-89972985d2aa,2025-11-25 22:11:25.339739+00
06f8f641-1637-41d2-a9e9-1ac470a6ceb8,f7302ccc-8812-4157-864e-125b8182e1f1,3a972c2f-8535-48ef-9364-f16df7e3857b,2025-11-25 22:11:25.339739+00
54e13b4a-4f18-4fe7-b369-b6b786194504,c500bdcf-b19b-4d7c-b04c-99b85b0244a4,5ec47423-b8ee-466a-b1dc-85266a400ba1,2025-11-28 10:57:51.680086+00
496a982b-4649-4e00-a6ab-1239f15aef54,942c4f8b-96f2-4643-97ca-2bbab1bb6c21,bcc87794-2a6f-41dd-ac6c-89972985d2aa,2025-11-28 10:58:39.81195+00
ebb1d61e-8584-4dbc-87e8-8c1747583cf4,942c4f8b-96f2-4643-97ca-2bbab1bb6c21,3a972c2f-8535-48ef-9364-f16df7e3857b,2025-11-28 10:58:39.81195+00
4e91b163-1bb1-4964-9d4f-2cf6a15b589e,01a28f21-350d-4aba-8085-3ee2ceb17dc1,bcc87794-2a6f-41dd-ac6c-89972985d2aa,2025-11-28 10:58:51.280662+00
e11c9c22-e928-480f-a2f4-4d7091b6bf9e,7c22c02d-8414-44a0-b6fb-9b6262226afd,bcc87794-2a6f-41dd-ac6c-89972985d2aa,2025-11-28 10:59:16.222457+00
8ae04200-fb56-4545-b4b2-93bfa983973c,7c22c02d-8414-44a0-b6fb-9b6262226afd,5ec47423-b8ee-466a-b1dc-85266a400ba1,2025-11-28 10:59:16.222457+00
f27de1d2-0fde-42d3-b26b-861d0fd235bb,ef314248-b7c4-405b-a1a2-21c2d620366f,bcc87794-2a6f-41dd-ac6c-89972985d2aa,2025-11-28 10:59:32.496192+00
55d987b1-41f1-4a6a-8a4f-42f8461301bd,97e3f717-5727-43c2-80e2-ed115e775163,bcc87794-2a6f-41dd-ac6c-89972985d2aa,2025-11-28 11:00:22.208615+00
aee60806-e6ff-41ba-8991-39755f33cd2b,8e76bdb0-23a1-42e9-b041-c8e3f4d21023,5ec47423-b8ee-466a-b1dc-85266a400ba1,2025-11-28 11:00:23.72827+00
b68cd328-eab6-4ba9-8ec5-193d4490c8b1,74a23bde-6849-459c-b8f6-f69244593c93,bcc87794-2a6f-41dd-ac6c-89972985d2aa,2025-11-28 11:00:43.106418+00
0a2fb3c7-2e1d-43fe-9cb2-9cc9bac6796f,f103f9a6-0423-4c18-8b06-ae6a4befe7bd,bcc87794-2a6f-41dd-ac6c-89972985d2aa,2025-11-28 11:01:17.461716+00
40f723bd-3ca6-40cf-b136-df6bb422a560,f103f9a6-0423-4c18-8b06-ae6a4befe7bd,5ec47423-b8ee-466a-b1dc-85266a400ba1,2025-11-28 11:01:17.461716+00
0de154b5-bd60-4dad-a6c5-9d3023c9bb75,6327eab3-e00b-464c-aee7-20fccaf5a0c2,bcc87794-2a6f-41dd-ac6c-89972985d2aa,2025-11-28 11:01:28.462843+00
1a6602a3-3c61-4a91-a627-b49ef2684fa4,bf75af92-accc-4942-ad7f-469691f4c07c,bcc87794-2a6f-41dd-ac6c-89972985d2aa,2025-11-28 11:01:41.526352+00
23b3d87a-d0bb-43a8-813d-799aa0cf20bb,392ff5fd-c146-42aa-b1ae-b9c598bf35cf,bcc87794-2a6f-41dd-ac6c-89972985d2aa,2025-11-28 11:01:51.445956+00
354cc028-305c-418d-9801-92590a9c9ad6,47b0b2ef-ec91-49df-a44b-336e7fedd1e5,5ec47423-b8ee-466a-b1dc-85266a400ba1,2025-11-28 11:02:09.430272+00
61b5f70e-39fe-4cc1-b9d5-f3e732b1220f,649b94aa-c1b3-4758-89c1-b2ebac3f1fb0,bcc87794-2a6f-41dd-ac6c-89972985d2aa,2025-11-28 11:02:11.487875+00
68c703a1-f3ff-4246-826a-5b61ea66f519,24c95e23-dd8c-4ad7-aec6-cbdf0431d0a9,5ec47423-b8ee-466a-b1dc-85266a400ba1,2025-11-28 11:04:26.771623+00
2cc68fe6-a4cc-4bd6-b30c-983672bd6028,6ccf717d-f746-4dd1-8b4e-55c8626de9b0,5ec47423-b8ee-466a-b1dc-85266a400ba1,2025-11-28 11:06:01.011644+00
074346e4-c564-4157-a8ae-8d26df333e80,c64b9c02-bf1e-4dd5-a4dd-cf67d0ba6bd3,bcc87794-2a6f-41dd-ac6c-89972985d2aa,2025-11-28 11:08:24.65705+00
193b0ad7-c65b-44c4-8d89-e278546c7a45,a277ebcd-1cf2-4355-8436-00b2a846a4e3,5ec47423-b8ee-466a-b1dc-85266a400ba1,2025-11-28 11:08:54.152404+00
e7add6bc-494e-427d-8df7-ac5a3e6e7d77,c8fdaede-d0ba-494a-84b5-a278a8482595,bcc87794-2a6f-41dd-ac6c-89972985d2aa,2025-11-28 11:09:33.465687+00
a6824a7c-a1ef-42f9-b4c3-cb712fa65afb,a92b5319-a798-4ce9-b2f6-3db11eb5110a,5ec47423-b8ee-466a-b1dc-85266a400ba1,2025-11-28 11:09:36.75134+00
9a0aa318-50ff-4bbd-978b-ad136e0eb01a,23438464-1ac6-4081-8529-1eb1b159564c,bcc87794-2a6f-41dd-ac6c-89972985d2aa,2025-11-28 11:10:31.556901+00
1206f778-de9e-4c38-adf1-9372f06a8757,23438464-1ac6-4081-8529-1eb1b159564c,5ec47423-b8ee-466a-b1dc-85266a400ba1,2025-11-28 11:10:31.556901+00
897af8a3-d3d4-407f-aab3-e8dfaf179d6c,8a2afdae-45da-4caf-858b-fbbca3dc49c6,bcc87794-2a6f-41dd-ac6c-89972985d2aa,2025-11-28 11:10:51.659649+00
